lat,lon,prefecture,city
24.077936,145.029613,東京都,小笠原村
24.261361,123.777094,沖縄県,竹富町
24.455981,122.989471,沖縄県,与那国町
24.475757,124.245323,沖縄県,石垣市
24.699617,124.70558,沖縄県,多良間村
24.846014,125.30996,沖縄県,宮古島市
25.21108,131.257675,沖縄県,北大東村
25.81339,131.238784,沖縄県,南大東村
26.028861,127.650003,沖縄県,糸満市
26.07945,127.78118,沖縄県,八重瀬町
26.086033,127.952238,沖縄県,南城市
26.14947,127.637309,沖縄県,豊見城市
26.181063,127.184333,沖縄県,座間味村
26.193279,127.72818,沖縄県,南風原町
26.200536,127.765338,沖縄県,与那原町
26.205775,127.458324,沖縄県,渡嘉敷村
26.215821,127.649484,沖縄県,那覇市
26.229487,127.787711,沖縄県,西原町
26.263297,127.817839,沖縄県,中城村
26.282088,127.744206,沖縄県,宜野湾市
26.286038,127.689877,沖縄県,浦添市
26.296367,128.040807,沖縄県,うるま市
26.305456,127.80682,沖縄県,北中城村
26.319681,127.721286,沖縄県,北谷町
26.348031,127.819993,沖縄県,沖縄市
26.372992,127.164916,沖縄県,渡名喜村
26.373027,127.7295,沖縄県,嘉手納町
26.451354,127.918502,沖縄県,金武町
26.469887,127.624533,沖縄県,読谷村
26.4841,127.997347,沖縄県,宜野座村
26.492771,127.832858,沖縄県,恩納村
26.505998,128.124651,沖縄県,名護市
26.568808,128.267779,沖縄県,東村
26.614499,127.266195,沖縄県,粟国村
26.681693,127.805659,沖縄県,本部町
26.686888,128.131154,沖縄県,大宜味村
26.734101,127.995798,沖縄県,今帰仁村
26.772438,127.685219,沖縄県,伊江村
26.787578,128.307432,沖縄県,国頭村
26.897872,127.889875,沖縄県,伊是名村
27.044739,128.446861,鹿児島県,与論町
27.077095,127.473626,沖縄県,久米島町
27.126399,127.931607,沖縄県,伊平屋村
27.374649,128.527893,鹿児島県,知名町
27.41961,128.748821,鹿児島県,和泊町
27.617081,128.927299,鹿児島県,伊仙町
27.851443,129.065871,鹿児島県,徳之島町
27.91488,128.818945,鹿児島県,天城町
28.086257,129.249413,鹿児島県,瀬戸内町
28.326532,130.000284,鹿児島県,喜界町
28.376021,129.166242,鹿児島県,宇検村
28.428317,129.300801,鹿児島県,大和村
28.486588,129.641147,鹿児島県,奄美市
28.504384,129.524753,鹿児島県,龍郷町
29.425779,129.520319,鹿児島県,十島村
30.326478,130.376348,鹿児島県,屋久島町
30.369135,130.951455,鹿児島県,南種子町
30.533942,131.023643,鹿児島県,中種子町
30.738144,130.977095,鹿児島県,西之表市
30.845778,130.135175,鹿児島県,三島村
31.048859,130.689121,鹿児島県,南大隅町
31.105259,129.814121,鹿児島県,南さつま市
31.181409,130.299665,鹿児島県,枕崎市
31.18714,130.52888,鹿児島県,指宿市
31.215969,130.834451,鹿児島県,錦江町
31.219401,131.074553,鹿児島県,肝付町
31.295697,130.427885,鹿児島県,南九州市
31.393957,131.019992,鹿児島県,東串良町
31.422373,130.817343,鹿児島県,鹿屋市
31.444473,131.353714,宮崎県,串間市
31.472074,130.989543,鹿児島県,大崎町
31.502973,131.064709,鹿児島県,志布志市
31.513424,130.72032,鹿児島県,垂水市
31.52292,130.57652,鹿児島県,鹿児島市
31.604492,130.240454,鹿児島県,日置市
31.608286,131.432076,宮崎県,日南市
31.668003,131.012464,鹿児島県,曽於市
31.698679,130.183146,鹿児島県,いちき串木野市
31.732906,131.182273,宮崎県,三股町
31.773757,130.751772,鹿児島県,霧島市
31.776376,130.597797,鹿児島県,姶良市
31.782369,131.0647,宮崎県,都城市
31.822469,129.900025,鹿児島県,薩摩川内市
31.880924,131.460158,宮崎県,宮崎市
31.925518,130.482714,鹿児島県,さつま町
31.927877,131.007836,宮崎県,高原町
31.981006,130.718393,鹿児島県,湧水町
32.030071,131.035652,宮崎県,小林市
32.033768,130.838348,宮崎県,えびの市
32.034684,130.159298,鹿児島県,阿久根市
32.048643,131.288924,宮崎県,国富町
32.051477,131.214429,宮崎県,綾町
32.05598,131.575295,宮崎県,新富町
32.061185,130.598402,鹿児島県,伊佐市
32.091227,130.368992,鹿児島県,出水市
32.098482,131.60833,宮崎県,高鍋町
32.179301,131.312493,宮崎県,西都市
32.183238,130.180897,鹿児島県,長島町
32.183903,131.618737,宮崎県,川南町
32.186368,130.847327,熊本県,錦町
32.193724,130.444968,熊本県,水俣市
32.195202,130.765013,熊本県,人吉市
32.220852,130.921682,熊本県,あさぎり町
32.222524,131.161882,宮崎県,西米良村
32.232193,131.390151,宮崎県,木城町
32.250581,131.614211,宮崎県,都農町
32.25546,130.9972,熊本県,多良木町
32.264947,130.656863,熊本県,球磨村
32.266453,130.435135,熊本県,津奈木町
32.274726,131.009282,熊本県,湯前町
32.291777,130.838558,熊本県,相良村
32.30932,130.527656,熊本県,芦北町
32.309871,129.868083,熊本県,天草市
32.310403,130.754783,熊本県,山江村
32.334706,131.6349,宮崎県,日向市
32.371524,131.025326,熊本県,水上村
32.41827,131.856216,宮崎県,門川町
32.420352,130.840752,熊本県,五木村
32.420712,128.59796,長崎県,五島市
32.438826,131.363351,宮崎県,美郷町
32.451645,131.152641,宮崎県,椎葉村
32.458236,139.76762,東京都,青ヶ島村
32.473335,130.747881,熊本県,八代市
32.505171,130.395311,熊本県,上天草市
32.531768,130.008614,熊本県,苓北町
32.552681,131.309818,宮崎県,諸塚村
32.574237,129.674209,長崎県,長崎市
32.577678,130.662823,熊本県,氷川町
32.612836,130.875497,熊本県,美里町
32.632563,130.602543,熊本県,宇城市
32.644233,131.755561,宮崎県,延岡市
32.650931,131.18703,宮崎県,五ヶ瀬町
32.654226,130.223995,長崎県,南島原市
32.673291,130.814471,熊本県,甲佐町
32.685013,131.061608,熊本県,山都町
32.693355,130.582318,熊本県,宇土市
32.698567,131.413732,宮崎県,日之影町
32.707933,132.676304,高知県,大月町
32.720273,130.674144,熊本県,嘉島町南区
32.723613,133.013068,高知県,土佐清水市
32.726199,130.858745,熊本県,御船町
32.731215,131.32383,宮崎県,高千穂町
32.746383,130.74633,熊本県,嘉島町
32.746799,132.521887,高知県,宿毛市
32.761059,131.87562,大分県,佐伯市
32.785627,130.834043,熊本県,益城町
32.797838,130.595583,熊本県,熊本市西区
32.799832,130.724942,熊本県,嘉島町中央区
32.80254,130.778413,熊本県,益城町東区
32.806539,130.196574,長崎県,雲仙市
32.808187,130.377382,長崎県,島原市
32.820084,130.654719,熊本県,熊本市
32.823477,130.933592,熊本県,西原村
32.823679,130.068422,長崎県,諫早市
32.831044,131.212012,熊本県,高森町
32.846817,131.032208,熊本県,南阿蘇村
32.859417,130.811471,熊本県,菊陽町
32.863402,129.885027,長崎県,長与町
32.863511,129.829715,長崎県,時津町
32.880583,129.044332,長崎県,新上五島町
32.888466,130.537584,熊本県,玉名市
32.889524,130.783542,熊本県,合志市
32.893188,130.428542,熊本県,長洲町
32.895212,130.910055,熊本県,大津町
32.899526,130.712639,熊本県,合志市北区
32.902145,132.842111,高知県,三原村
32.902728,130.62896,熊本県,玉東町
32.923757,129.972847,長崎県,大村市
32.924747,132.467743,愛媛県,愛南町
32.935987,129.539459,長崎県,西海市
32.960132,131.098261,熊本県,阿蘇市
32.961889,131.512963,大分県,豊後大野市
32.970887,130.440652,熊本県,荒尾市
32.990978,131.325555,大分県,竹田市
32.998533,130.849151,熊本県,菊池市
33.000574,130.197193,佐賀県,太良町
33.015436,131.207474,熊本県,産山村
33.019156,130.411309,福岡県,大牟田市
33.019958,133.197153,高知県,黒潮町
33.028635,130.609985,熊本県,和水町
33.036772,129.955381,長崎県,東彼杵町
33.037802,130.548448,熊本県,南関町
33.051758,130.73755,熊本県,山鹿市
33.058726,130.136475,佐賀県,鹿島市
33.059573,129.85914,長崎県,川棚町
33.067844,131.098421,熊本県,南小国町
33.079144,131.779278,大分県,臼杵市
33.085567,132.866703,高知県,四万十市
33.087943,130.005286,佐賀県,嬉野市
33.107139,139.767224,東京都,八丈町
33.122572,133.25748,高知県,四万十町
33.126105,130.477885,福岡県,みやま市
33.131997,130.397169,福岡県,柳川市
33.132877,129.900095,長崎県,波佐見町
33.138179,131.963592,大分県,津久見市
33.142718,130.164386,佐賀県,白石町
33.144624,131.075741,熊本県,小国町
33.179004,132.397006,愛媛県,宇和島市
33.189085,131.218152,大分県,九重町
33.195611,130.000443,佐賀県,武雄市
33.198984,129.872756,佐賀県,有田町
33.205273,130.702241,福岡県,八女市
33.206178,132.71105,愛媛県,松野町
33.207726,130.381408,福岡県,大川市
33.213079,130.493509,福岡県,筑後市
33.213217,130.438161,福岡県,大木町
33.21596,131.400059,大分県,由布市
33.217116,134.123792,高知県,室戸市
33.21771,130.113239,佐賀県,大町町
33.221308,130.163236,佐賀県,江北町
33.2403,130.95772,大分県,日田市
33.240681,131.752991,大分県,大分市
33.242146,129.65677,長崎県,佐々町
33.244113,128.861891,長崎県,小値賀町
33.258113,130.569802,福岡県,広川町
33.267511,130.190604,佐賀県,小城市
33.280922,130.259228,佐賀県,佐賀市
33.285902,131.183474,大分県,玖珠町
33.28719,130.102504,佐賀県,多久市
33.288313,133.41422,高知県,須崎市
33.289118,131.470918,大分県,別府市
33.290294,129.353024,長崎県,佐世保市
33.29455,132.752614,愛媛県,鬼北町
33.296169,130.558537,福岡県,久留米市
33.297078,133.51451,高知県,土佐市
33.313324,130.7932,福岡県,うきは市
33.314362,133.252011,高知県,中土佐町
33.318086,129.892192,佐賀県,伊万里市
33.332026,130.424184,佐賀県,上峰町
33.332419,130.444923,佐賀県,みやき町
33.342947,130.346601,佐賀県,神埼市
33.355539,130.392571,佐賀県,吉野ヶ里町
33.363632,131.532933,大分県,日出町
33.373095,133.895804,高知県,安田町
33.376929,130.489582,佐賀県,鳥栖市
33.380694,132.92099,高知県,檮原町
33.383253,130.622497,福岡県,大刀洗町
33.390481,132.571132,愛媛県,西予市
33.395664,130.572659,福岡県,小郡市
33.396693,129.740132,長崎県,松浦市
33.406538,133.787125,高知県,芸西村
33.410483,135.836899,和歌山県,串本町
33.412276,133.10715,高知県,津野町
33.4136,134.045454,高知県,奈半利町
33.417301,129.417902,長崎県,平戸市
33.421486,130.738805,福岡県,朝倉市
33.42185,130.502098,佐賀県,基山町
33.426707,134.008416,高知県,田野町
33.42957,132.128801,愛媛県,伊方町
33.431336,130.832352,福岡県,東峰村
33.441761,131.635374,大分県,杵築市
33.457883,130.614796,福岡県,筑前町
33.460728,133.554059,高知県,高知市
33.462715,130.41872,福岡県,那珂川市
33.46657,135.516412,和歌山県,すさみ町
33.467727,134.337356,高知県,東洋町
33.483257,132.375917,愛媛県,八幡浜市
33.488777,129.845568,佐賀県,玄海町
33.491222,129.905272,佐賀県,唐津市
33.491303,130.537679,福岡県,筑紫野市
33.498988,133.78303,高知県,香南市
33.49948,133.268867,高知県,佐川町
33.501839,133.913769,高知県,安芸市
33.503101,131.332125,大分県,宇佐市
33.513455,130.527624,福岡県,太宰府市
33.513697,130.482457,福岡県,大野城市
33.514732,136.074895,和歌山県,太地町
33.519413,130.880031,福岡県,添田町
33.520415,130.338209,福岡県,那珂川市早良区
33.523877,134.116981,高知県,北川村
33.523908,130.456707,福岡県,春日市
33.531672,134.361206,徳島県,海陽町
33.536431,135.297969,和歌山県,白浜町
33.538716,133.228438,高知県,越知町
33.539405,133.350523,高知県,日高村
33.540798,130.408413,福岡県,春日市南区
33.545821,134.64422,徳島県,牟岐町
33.54767,130.740006,福岡県,嘉麻市
33.548681,130.369756,福岡県,春日市城南区
33.549918,131.129138,福岡県,上毛町
33.558273,131.140802,大分県,中津市
33.561621,130.534949,福岡県,宇美町
33.565059,133.624291,高知県,南国市
33.565782,130.677092,福岡県,桂川町
33.566941,130.813345,福岡県,川崎町
33.572929,132.764277,愛媛県,内子町
33.575015,136.049577,和歌山県,那智勝浦町
33.576372,130.43851,福岡県,志免町博多区
33.585125,130.471519,福岡県,志免町
33.587137,133.124049,高知県,仁淀川町
33.593303,130.379647,福岡県,志免町中央区
33.595264,130.525607,福岡県,須恵町
33.596184,130.112402,福岡県,糸島市
33.597835,131.748604,大分県,国東市
33.603698,130.889614,福岡県,赤村
33.605416,130.667142,福岡県,飯塚市
33.609392,132.574608,愛媛県,大洲市
33.611476,134.095551,高知県,馬路村
33.613836,130.851587,福岡県,大任町
33.615002,130.470554,福岡県,粕屋町
33.615843,130.939152,福岡県,みやこ町
33.61956,132.991412,愛媛県,久万高原町
33.622264,131.085487,福岡県,豊前市
33.622571,135.735098,和歌山県,古座川町
33.63057,130.547457,福岡県,篠栗町
33.631955,130.796896,福岡県,田川市
33.637398,131.083022,福岡県,築上町
33.650075,131.465865,大分県,豊後高田市
33.654926,134.638301,徳島県,美波町
33.65717,130.7714,福岡県,糸田町
33.671029,133.316118,高知県,いの町
33.672554,130.514545,福岡県,久山町
33.680679,131.201163,福岡県,吉富町
33.682594,130.377471,福岡県,新宮町東区
33.687948,130.856278,福岡県,香春町
33.696486,132.643146,愛媛県,伊予市
33.701456,132.78721,愛媛県,砥部町
33.703041,130.787428,福岡県,福智町
33.707454,130.699413,福岡県,小竹町
33.709841,132.032517,山口県,上関町
33.710269,133.83256,高知県,香美市
33.714537,130.627471,福岡県,宮若市
33.717644,135.454323,和歌山県,上富田町
33.7194,131.022758,福岡県,行橋市
33.721886,136.137657,三重県,紀宝町
33.723804,130.491421,福岡県,古賀市
33.731188,135.187217,和歌山県,印南町
33.738256,139.465443,東京都,御蔵島村
33.743826,130.183271,福岡県,福岡市
33.748005,130.74282,福岡県,直方市
33.748768,133.47158,高知県,土佐町
33.749353,134.727009,徳島県,阿南市
33.7614,131.679229,大分県,姫島村
33.771558,130.361173,福岡県,新宮町
33.774714,135.099161,和歌山県,御坊市
33.780561,130.670141,福岡県,鞍手町
33.782121,135.044233,和歌山県,美浜町
33.783559,133.726778,高知県,大豊町
33.783863,130.108942,福岡県,福岡市西区
33.789267,132.683795,愛媛県,松前町
33.790999,130.458633,福岡県,福津市
33.792079,133.57491,高知県,本山町
33.792602,131.063594,福岡県,苅田町
33.795724,135.914843,和歌山県,新宮市
33.797373,133.409893,高知県,大川村
33.79878,135.353028,和歌山県,みなべ町
33.799594,136.106574,三重県,御浜町
33.801303,134.294725,徳島県,那賀町
33.812333,130.970583,福岡県,苅田町小倉南区
33.81393,132.923259,愛媛県,東温市
33.821626,130.706173,福岡県,中間市
33.833772,130.742197,福岡県,中間市八幡西区
33.841602,132.197293,山口県,柳井市
33.843491,130.813961,福岡県,北九州市八幡東区
33.844633,132.325889,山口県,周防大島町
33.845172,136.150898,三重県,熊野市
33.849659,130.663618,福岡県,遠賀町
33.85637,135.53275,和歌山県,田辺市
33.858704,129.725014,長崎県,壱岐市
33.860394,130.698784,福岡県,水巻町
33.879622,133.117034,愛媛県,西条市
33.903211,134.377588,徳島県,上勝町
33.903664,132.08662,山口県,平生町
33.904627,130.596688,福岡県,岡垣町
33.905077,132.686622,愛媛県,松山市
33.905828,130.843027,福岡県,北九州市戸畑区
33.907368,131.00543,福岡県,苅田町門司区
33.91089,136.384362,三重県,尾鷲市
33.912954,134.499582,徳島県,勝浦町
33.927489,131.973949,山口県,光市
33.931613,135.047844,和歌山県,日高町
33.935138,130.630005,福岡県,芦屋町
33.944917,130.81144,福岡県,北九州市
33.944971,130.840381,福岡県,北九州市小倉北区
33.946995,132.026727,山口県,田布施町
33.94969,133.318442,愛媛県,新居浜市
33.953562,133.878363,徳島県,三好市
33.957606,135.359517,和歌山県,日高川町
33.958224,133.521411,愛媛県,四国中央市
33.961262,131.14406,山口県,山陽小野田市
33.961998,135.952955,和歌山県,北山村
33.96395,134.046781,徳島県,つるぎ町
33.96534,131.83555,山口県,下松市
33.966559,131.30087,山口県,宇部市
33.98194,134.336745,徳島県,神山町
33.986823,134.449138,徳島県,佐那河内村
33.991952,131.604658,山口県,防府市
33.99337,135.184457,和歌山県,広川町
33.993875,134.658578,徳島県,小松島市
33.995267,135.028248,和歌山県,由良町
34.006123,135.733675,奈良県,十津川村
34.015044,134.127429,徳島県,美馬市
34.022402,130.675185,福岡県,芦屋町若松区
34.034251,133.911126,徳島県,東みよし町
34.035125,135.168662,和歌山県,湯浅町
34.035679,134.293553,徳島県,吉野川市
34.043171,134.594574,徳島県,徳島市
34.050185,135.973529,奈良県,下北山村
34.061693,138.967644,東京都,神津島村
34.078156,135.368172,和歌山県,有田川町
34.082388,134.433204,徳島県,石井町
34.086926,139.47848,東京都,三宅村
34.10575,133.038125,愛媛県,今治市
34.108993,135.055333,和歌山県,有田市
34.11077,136.361713,三重県,紀北町
34.121309,134.64417,徳島県,松茂町
34.123017,133.548841,香川県,観音寺市
34.124528,134.290203,徳島県,阿波市
34.125854,134.55115,徳島県,北島町
34.127364,134.493914,徳島県,藍住町
34.129602,136.011044,奈良県,上北山村
34.129823,134.41316,徳島県,上板町
34.142042,136.973231,三重県,志摩市
34.144728,135.63494,奈良県,野迫川村
34.148413,135.196393,和歌山県,海南市
34.149323,133.924909,香川県,まんのう町
34.153179,135.399197,和歌山県,紀美野町
34.153477,134.449841,徳島県,板野町
34.156554,131.83249,山口県,周南市
34.158596,131.543764,山口県,山口市
34.170433,132.638209,広島県,呉市
34.174481,133.646672,香川県,三豊市
34.182047,136.586325,三重県,南伊勢町
34.195287,132.222855,山口県,和木町
34.198617,133.817941,香川県,琴平町
34.198824,130.226563,福岡県,宗像市
34.199786,133.269982,愛媛県,上島町
34.203157,132.422364,広島県,江田島市
34.208325,133.960998,香川県,綾川町
34.209238,131.246032,山口県,美祢市
34.21629,135.621236,和歌山県,高野町
34.218768,132.177244,山口県,岩国市
34.220833,132.246752,広島県,大竹市
34.223487,133.774609,香川県,善通寺市
34.229962,135.524207,和歌山県,かつらぎ町
34.231361,135.857977,奈良県,天川村
34.234004,134.137123,香川県,三木町
34.238888,134.733725,兵庫県,南あわじ市
34.24559,135.78095,奈良県,五條市
34.248615,134.567408,徳島県,鳴門市
34.256053,132.871276,広島県,大崎上島町
34.262448,135.381163,和歌山県,紀の川市
34.266217,134.359784,香川県,東かがわ市
34.269005,135.146744,和歌山県,和歌山市
34.26905,135.58578,和歌山県,九度山町
34.273218,136.399658,三重県,大紀町
34.278982,135.3041,和歌山県,岩出市
34.281826,134.059832,香川県,高松市
34.283903,134.25748,香川県,さぬき市
34.288483,136.009899,奈良県,川上村
34.302443,133.678478,香川県,多度津町
34.307843,135.865879,奈良県,黒滝村
34.312143,136.322834,三重県,大台町
34.312882,135.603918,和歌山県,橋本市
34.313282,133.820692,香川県,宇多津町
34.324895,133.753137,香川県,丸亀市
34.325585,132.505817,広島県,坂町
34.327535,130.78519,山口県,下関市
34.328582,134.80055,兵庫県,洲本市
34.333564,135.818706,奈良県,下市町
34.342867,132.591292,広島県,熊野町
34.346336,132.455183,広島県,坂町南区
34.347246,133.868724,香川県,坂出市
34.348149,135.117256,大阪府,岬町
34.348208,135.234424,大阪府,阪南市
34.357518,132.897605,広島県,竹原市
34.362595,139.258582,東京都,新島村
34.364612,132.548449,広島県,海田町
34.382242,132.445287,広島県,広島市中区
34.383094,132.417361,広島県,広島市西区
34.384947,132.586856,広島県,熊野町安芸区
34.387936,135.36195,大阪府,熊取町
34.387947,136.582483,三重県,度会町
34.393051,135.898769,奈良県,吉野町
34.393499,131.909321,島根県,吉賀町
34.398032,132.518147,広島県,府中町
34.399404,132.201655,広島県,廿日市市
34.400003,129.370575,長崎県,対馬市
34.403022,135.798959,奈良県,大淀町
34.408039,135.574379,大阪府,河内長野市
34.408728,133.163542,広島県,尾道市
34.410757,135.205029,大阪府,泉南市
34.411838,136.016291,奈良県,東吉野村
34.425894,135.358612,大阪府,貝塚市
34.426327,132.51701,広島県,府中町東区
34.42784,133.531661,岡山県,笠岡市
34.431355,135.470983,大阪府,和泉市
34.433491,135.372032,大阪府,岸和田市
34.433835,135.718265,奈良県,御所市
34.436076,135.644554,大阪府,千早赤阪村
34.436336,135.276476,大阪府,泉佐野市
34.436414,132.296732,広島県,廿日市市佐伯区
34.437533,132.760657,広島県,東広島市
34.441995,135.80303,奈良県,高取町
34.448754,133.004947,広島県,三原市
34.451785,132.437321,広島県,広島市
34.455833,135.219049,大阪府,田尻町
34.460304,133.995418,香川県,直島町
34.462216,135.824802,奈良県,明日香村
34.468602,137.026151,三重県,鳥羽市
34.469558,136.50115,三重県,多気町
34.471192,132.409607,広島県,広島市安佐南区
34.472121,135.505238,大阪府,大阪狭山市南区
34.472155,133.353986,広島県,福山市
34.480604,135.648628,大阪府,河南町
34.482124,136.15514,奈良県,御杖村
34.482988,136.624441,三重県,玉城町
34.484195,136.345719,三重県,松阪市
34.48587,135.592824,大阪府,富田林市
34.491731,135.37828,大阪府,忠岡町
34.492729,134.370553,香川県,小豆島町
34.497963,135.549705,大阪府,大阪狭山市
34.4984,133.962002,岡山県,玉野市
34.500355,135.791224,奈良県,橿原市
34.502827,135.708352,奈良県,葛城市
34.504502,135.740186,奈良県,大和高田市
34.505376,134.891904,兵庫県,淡路市
34.507019,130.970136,山口県,長門市
34.507148,133.595412,岡山県,浅口市
34.512117,137.201269,愛知県,田原市
34.514868,133.557986,岡山県,里庄町
34.515035,131.81929,島根県,津和野町
34.517123,136.120004,奈良県,曽爾村
34.517498,135.882865,奈良県,桜井市
34.519101,136.726801,三重県,伊勢市
34.51916,135.648952,大阪府,太子町
34.5206,135.449632,大阪府,堺市
34.52545,135.501992,大阪府,堺市中区
34.52556,132.519311,広島県,広島市安佐北区
34.52835,134.182303,香川県,土庄町
34.530189,135.421412,大阪府,高石市
34.531408,135.99685,奈良県,宇陀市
34.533008,135.348758,大阪府,泉大津市
34.534655,135.531702,大阪府,大阪狭山市東区
34.535209,135.562881,大阪府,大阪狭山市美原区
34.542163,133.743969,岡山県,倉敷市
34.542259,138.266627,静岡県,御前崎市
34.54639,138.743595,静岡県,南伊豆町
34.547419,135.68995,奈良県,香芝市
34.552796,135.744913,奈良県,広陵町
34.553735,135.613314,大阪府,羽曳野市
34.55385,135.400709,大阪府,高石市西区
34.559621,135.794107,奈良県,田原本町
34.565586,135.71662,奈良県,上牧町
34.566822,139.290002,東京都,利島村
34.56819,135.515656,大阪府,松原市北区
34.571496,135.773301,奈良県,三宅町
34.571532,135.604432,大阪府,藤井寺市
34.573213,138.993357,静岡県,下田市
34.57549,135.731273,奈良県,河合町
34.57663,135.553378,大阪府,松原市
34.5769,135.644749,大阪府,柏原市
34.576992,135.445403,大阪府,高石市堺区
34.58111,133.941063,岡山県,玉野市南区
34.585874,135.693513,奈良県,王寺町
34.588129,135.772705,奈良県,川西町
34.590938,137.536415,静岡県,湖西市
34.596573,135.8689,奈良県,天理市
34.600552,135.681124,奈良県,三郷町
34.603164,137.38991,愛知県,豊橋市
34.604014,135.754559,奈良県,安堵町
34.605372,136.675636,三重県,明和町
34.605464,135.505419,大阪府,松原市住吉区
34.60578,132.260513,広島県,安芸太田町
34.606387,137.688214,静岡県,湖西市中央区
34.608827,131.486227,山口県,阿武町
34.609118,133.82061,岡山県,早島町
34.610909,133.014643,広島県,世羅町
34.615618,135.564033,大阪府,松原市平野区
34.616185,135.069131,兵庫県,神戸市垂水区
34.617054,135.613074,大阪府,八尾市
34.617076,136.117513,三重県,名張市
34.617751,135.530813,大阪府,松原市東住吉区
34.618698,135.732661,奈良県,斑鳩町
34.622487,135.419658,大阪府,大阪市住之江区
34.623321,135.115263,兵庫県,神戸市須磨区
34.631077,135.772739,奈良県,大和郡山市
34.632366,135.512321,大阪府,松原市阿倍野区
34.634098,135.232091,兵庫県,芦屋市中央区
34.634103,135.68946,奈良県,平群町
34.639616,135.49103,大阪府,大阪市西成区
34.640097,133.584103,岡山県,矢掛町
34.642345,133.176718,広島県,府中市
34.642423,133.483374,岡山県,井原市
34.643469,134.172374,岡山県,瀬戸内市
34.644233,131.1606,山口県,萩市
34.645932,136.431727,三重県,津市
34.646374,135.462156,大阪府,大阪市大正区
34.646833,135.391018,大阪府,大阪市此花区
34.646856,135.14795,兵庫県,神戸市長田区
34.649408,135.544095,大阪府,松原市生野区
34.654917,134.068267,岡山県,瀬戸内市東区
34.655421,133.968776,岡山県,岡山市中区
34.657893,135.892103,奈良県,奈良市
34.659345,135.495702,大阪府,大阪市浪速区
34.660026,135.448285,大阪府,大阪市港区
34.660694,135.51988,大阪府,大阪市天王寺区
34.661716,136.019649,奈良県,山添村
34.664024,135.168555,兵庫県,神戸市兵庫区
34.664963,134.836932,兵庫県,播磨町
34.665085,134.924277,兵庫県,明石市
34.668138,137.866748,静岡県,磐田市
34.668216,135.618074,大阪府,東大阪市
34.670725,137.93046,静岡県,袋井市
34.673999,135.546837,大阪府,東大阪市東成区
34.677501,135.454574,大阪府,大阪市
34.67889,135.516119,大阪府,大阪市中央区
34.679832,135.480002,大阪府,大阪市西区
34.687595,138.01985,静岡県,掛川市
34.693272,132.672154,広島県,安芸高田市
34.693709,135.476563,大阪府,大阪市福島区
34.695633,136.890219,愛知県,南知多町
34.696918,135.550554,大阪府,守口市城東区
34.70181,135.431224,大阪府,大阪市西淀川区
34.701949,133.693379,岡山県,総社市
34.702092,132.366687,広島県,北広島町
34.702602,135.498545,大阪府,大阪市北区
34.702692,135.285054,兵庫県,芦屋市東灘区
34.705177,135.579101,大阪府,門真市鶴見区
34.710153,138.241385,静岡県,牧之原市
34.711494,135.119875,兵庫県,神戸市
34.71221,135.527704,大阪府,守口市都島区
34.713923,135.713567,奈良県,生駒市
34.713963,135.632928,大阪府,大東市
34.716288,135.004504,兵庫県,稲美町西区
34.722599,135.397191,兵庫県,尼崎市
34.725875,135.664249,大阪府,四條畷市
34.726755,135.228211,兵庫県,芦屋市灘区
34.728692,135.546579,大阪府,守口市旭区
34.72903,135.476135,大阪府,豊中市淀川区
34.729785,136.181143,三重県,伊賀市
34.730268,135.597393,大阪府,門真市
34.730271,135.29498,兵庫県,芦屋市
34.732795,138.322308,静岡県,吉田町
34.73363,133.946121,岡山県,岡山市
34.735608,138.094685,静岡県,菊川市
34.738154,135.580153,大阪府,守口市
34.744129,135.531171,大阪府,吹田市東淀川区
34.74835,139.482535,東京都,大島町
34.74903,138.705913,静岡県,松崎町
34.749035,133.256676,広島県,神石高原町
34.750512,134.923321,兵庫県,稲美町
34.751664,136.831952,愛知県,美浜町
34.75455,135.848026,京都府,木津川市
34.756624,135.77213,京都府,精華町
34.759146,134.772634,兵庫県,高砂市
34.759859,135.6248,大阪府,寝屋川市
34.760951,134.849396,兵庫県,加古川市
34.762291,135.307006,兵庫県,西宮市
34.766,136.003521,京都府,南山城村
34.767727,135.940789,京都府,笠置町
34.770602,138.976664,静岡県,河津町
34.770846,134.37736,兵庫県,赤穂市
34.771209,139.085988,静岡県,東伊豆町
34.772735,135.68738,大阪府,交野市
34.776328,135.56946,大阪府,摂津市
34.77779,135.474561,大阪府,豊中市
34.781765,134.579162,兵庫県,姫路市
34.783801,133.86687,岡山県,岡山市北区
34.783988,134.251577,岡山県,備前市
34.786159,135.407994,兵庫県,伊丹市
34.786772,138.388189,静岡県,焼津市
34.787725,135.521224,大阪府,吹田市
34.788167,135.177916,兵庫県,神戸市北区
34.791763,137.221439,愛知県,蒲郡市
34.794156,137.065076,愛知県,西尾市
34.801243,131.811935,島根県,益田市
34.802917,135.760605,京都府,京田辺市
34.804909,132.87151,広島県,三次市
34.808186,135.834064,京都府,井手町
34.809123,135.944418,京都府,和束町
34.814398,134.456067,兵庫県,相生市
34.821922,138.715119,静岡県,西伊豆町
34.822044,133.52461,岡山県,高梁市
34.827212,135.68043,大阪府,枚方市
34.832342,135.4384,大阪府,池田市
34.833372,134.593807,兵庫県,太子町
34.835254,134.054248,岡山県,赤磐市
34.841331,134.126624,岡山県,和気町
34.841411,136.911931,愛知県,武豊町
34.843956,137.358754,愛知県,豊川市
34.845796,135.798831,京都府,城陽市
34.849314,133.759117,岡山県,吉備中央町
34.852184,135.55102,大阪府,茨木市
34.85246,135.046455,兵庫県,三木市
34.853605,135.888241,京都府,宇治田原町
34.855235,136.798874,愛知県,常滑市
34.855431,137.772829,静岡県,浜松市
34.856267,137.658388,静岡県,浜松市浜名区
34.858985,135.481609,大阪府,箕面市
34.860327,134.512566,兵庫県,たつの市
34.860803,135.7164,京都府,八幡市
34.860918,136.555329,三重県,鈴鹿市
34.861365,134.954779,兵庫県,小野市
34.862338,137.156578,愛知県,幸田町
34.864479,136.989708,愛知県,碧南市
34.867225,135.343863,兵庫県,宝塚市
34.869914,135.414701,兵庫県,川西市
34.872768,139.925466,千葉県,南房総市
34.873638,132.508424,島根県,邑南町
34.877679,136.381621,三重県,亀山市
34.878632,135.614913,大阪府,高槻市
34.879943,137.957896,静岡県,森町
34.88216,134.3522,兵庫県,上郡町
34.884963,135.773419,京都府,久御山町
34.900363,136.921936,愛知県,半田市
34.900954,135.686814,京都府,大山崎町
34.902518,135.65543,大阪府,島本町
34.904093,138.424635,静岡県,焼津市駿河区
34.907643,135.819785,京都府,宇治市
34.910404,135.472217,大阪府,豊能町
34.910622,136.18113,滋賀県,甲賀市
34.91115,139.186837,静岡県,伊東市
34.915759,138.239582,静岡県,藤枝市
34.920086,133.047382,広島県,庄原市
34.921286,138.826142,静岡県,伊豆市
34.922583,133.955003,岡山県,久米南町
34.924421,135.68002,京都府,長岡京市
34.924988,138.130313,静岡県,島田市
34.926048,135.790808,京都府,宇治市伏見区
34.929109,134.86005,兵庫県,加西市
34.929777,139.730468,千葉県,館山市
34.930544,135.007803,兵庫県,加東市
34.932157,136.999281,愛知県,高浜市
34.936492,136.910861,愛知県,阿久比町
34.941192,132.09916,島根県,浜田市
34.94538,135.351682,兵庫県,猪名川町
34.948684,137.068354,愛知県,安城市
34.949227,135.700644,京都府,向日市
34.950144,137.545804,愛知県,新城市
34.95096,137.261923,愛知県,岡崎市
34.954766,135.20143,兵庫県,三田市
34.963824,135.736328,京都府,向日市南区
34.967007,136.578348,三重県,四日市市
34.967688,136.948589,愛知県,東浦町
34.96873,134.750086,兵庫県,福崎町
34.969958,136.82861,愛知県,知多市
34.978928,135.660714,京都府,向日市西京区
34.983477,135.82501,京都府,宇治市山科区
34.987133,133.941901,岡山県,美咲町
34.988784,135.411901,大阪府,能勢町
34.990404,135.777891,京都府,向日市東山区
34.992879,135.74943,京都府,向日市下京区
34.995305,136.009839,滋賀県,栗東市
34.999106,136.700439,三重県,川越町
34.999718,132.47771,島根県,川本町
35.000446,137.051232,愛知県,知立市
35.001677,136.089211,滋賀県,湖南市
35.008229,135.512198,京都府,亀岡市
35.008276,137.023788,愛知県,刈谷市
35.009517,135.747929,京都府,向日市中京区
35.011824,134.77721,兵庫県,市川町
35.012575,134.996262,兵庫県,西脇市
35.012912,136.262863,滋賀県,日野町
35.013558,132.598337,島根県,美郷町
35.01384,138.524666,静岡県,富士市清水区
35.014581,136.958305,愛知県,大府市
35.01924,136.889128,愛知県,東海市
35.024521,133.444403,岡山県,新見市
35.027057,135.752317,京都府,京都市上京区
35.0299,135.943554,滋賀県,草津市
35.0301,134.369971,兵庫県,佐用町
35.036069,138.97697,静岡県,伊豆の国市
35.036281,136.663086,三重県,朝日町
35.036482,140.100316,千葉県,鴨川市
35.036701,136.743381,三重県,木曽岬町
35.041734,136.487451,三重県,菰野町
35.045935,134.249646,岡山県,美作市
35.053042,139.224303,静岡県,熱海市
35.057706,136.802798,愛知県,飛島村
35.057752,134.132408,岡山県,勝央町
35.058228,136.118324,滋賀県,竜王町
35.059339,132.204367,島根県,江津市
35.060903,136.754102,愛知県,弥富市
35.061234,137.007704,愛知県,豊明市
35.061354,132.744516,島根県,飯南町
35.066519,135.23189,兵庫県,丹波篠山市
35.071188,138.779681,静岡県,沼津市
35.072248,137.879269,静岡県,森町天竜区
35.074453,136.964666,愛知県,豊明市緑区
35.076506,136.852059,愛知県,飛島村港区
35.077962,135.928929,滋賀県,大津市
35.080587,137.691874,愛知県,東栄町
35.081082,140.354821,千葉県,勝浦市
35.082368,136.591086,三重県,東員町
35.083478,139.567763,神奈川県,三浦市
35.084866,136.664267,三重県,桑名市
35.092039,135.969602,滋賀県,守山市
35.093298,136.925057,愛知県,名古屋市南区
35.096607,137.05459,愛知県,東郷町
35.096887,135.709758,京都府,京都市北区
35.098068,135.718724,京都府,京都市
35.098275,134.906812,兵庫県,多可町
35.098357,138.899762,静岡県,清水町
35.09989,137.087606,愛知県,みよし市
35.107774,136.019819,滋賀県,野洲市
35.115345,134.781832,兵庫県,神河町
35.116937,137.553685,愛知県,設楽町
35.121876,138.978861,静岡県,函南町
35.122015,140.453235,千葉県,御宿町
35.122612,133.706119,岡山県,真庭市
35.123908,135.667213,京都府,京都市右京区
35.124904,136.936814,愛知県,名古屋市瑞穂区
35.125385,139.834848,千葉県,鋸南町
35.126083,136.984081,愛知県,名古屋市天白区
35.127158,136.783343,愛知県,蟹江町
35.127933,136.899996,愛知県,名古屋市熱田区
35.132632,138.95912,静岡県,三島市
35.132808,136.270136,滋賀県,東近江市
35.138471,137.049405,愛知県,日進市
35.138937,136.847994,愛知県,大治町中川区
35.140091,134.181957,岡山県,奈義町
35.140876,137.310594,愛知県,豊田市
35.141804,139.244406,神奈川県,真鶴町
35.14309,136.926434,愛知県,名古屋市
35.145483,133.994986,岡山県,津山市
35.145744,134.554068,兵庫県,宍粟市
35.147517,136.9415,愛知県,名古屋市昭和区
35.15909,133.043602,島根県,奥出雲町
35.159858,138.119122,静岡県,川根本町
35.160979,136.501764,三重県,いなべ市
35.163376,133.274321,鳥取県,日南町
35.163822,135.793197,京都府,京都市左京区
35.164902,136.911176,愛知県,名古屋市中区
35.165202,137.745246,愛知県,豊根村
35.166227,136.746845,愛知県,津島市
35.166948,137.002825,愛知県,日進市名東区
35.167035,138.861587,静岡県,長泉町
35.167218,139.081844,神奈川県,湯河原町
35.167402,136.089418,滋賀県,近江八幡市
35.168028,136.263749,滋賀県,愛荘町
35.168294,136.861026,愛知県,大治町中村区
35.170469,136.956446,愛知県,名古屋市千種区
35.173974,136.824139,愛知県,大治町
35.175305,137.057753,愛知県,長久手市
35.175982,136.722265,愛知県,愛西市
35.177746,135.063985,兵庫県,丹波市
35.182612,136.804636,愛知県,あま市
35.184401,136.936834,愛知県,名古屋市東区
35.18793,138.6849,静岡県,富士市
35.197444,136.235273,滋賀県,豊郷町
35.198552,134.341461,岡山県,西粟倉村
35.20121,135.581947,京都府,南丹市
35.201358,132.404349,島根県,大田市
35.201727,133.557451,岡山県,新庄村
35.202954,136.881612,愛知県,清須市西区
35.204803,136.264117,滋賀県,甲良町
35.207424,133.898031,岡山県,鏡野町
35.209387,136.337845,滋賀県,多賀町
35.212935,136.609852,岐阜県,海津市
35.214508,136.917473,愛知県,豊山町北区
35.21488,133.411214,鳥取県,日野町
35.216203,136.850993,愛知県,清須市
35.218744,137.034868,愛知県,尾張旭市
35.22271,135.39048,京都府,京丹波町
35.223957,138.368456,静岡県,静岡市
35.225148,136.993344,愛知県,尾張旭市守山区
35.232592,139.592558,神奈川県,横須賀市
35.232636,139.047764,神奈川県,箱根町
35.235225,136.758367,愛知県,稲沢市
35.236696,132.88669,島根県,雲南市
35.240026,138.875534,静岡県,裾野市
35.240224,137.11896,愛知県,瀬戸市
35.241591,139.306771,神奈川県,大磯町
35.241627,134.262505,鳥取県,智頭町
35.243958,140.456925,千葉県,いすみ市
35.245865,136.871992,愛知県,北名古屋市
35.246423,140.212784,千葉県,大多喜町
35.250644,136.916881,愛知県,豊山町
35.251446,139.561028,神奈川県,葉山町
35.253524,139.27048,神奈川県,二宮町
35.253913,139.176495,神奈川県,小田原市
35.254302,139.40229,神奈川県,茅ヶ崎市
35.258369,137.810529,長野県,天龍村
35.258384,137.608692,長野県,根羽村
35.264105,139.851853,千葉県,富津市
35.266959,137.696717,長野県,売木村
35.273086,136.217648,滋賀県,彦根市
35.273654,134.812063,兵庫県,朝来市
35.274323,138.450886,山梨県,南部町
35.277705,137.011399,愛知県,春日井市
35.280321,136.864405,愛知県,岩倉市
35.282677,136.638871,岐阜県,輪之内町
35.285864,136.566104,岐阜県,養老町
35.288392,138.862436,静岡県,御殿場市
35.292252,139.965032,千葉県,君津市
35.296711,133.520093,鳥取県,江府町
35.297046,136.963144,愛知県,小牧市
35.297761,138.259966,静岡県,静岡市葵区
35.298055,139.577882,神奈川県,逗子市
35.298705,138.627169,静岡県,富士宮市
35.298963,136.705523,岐阜県,羽島市
35.30352,139.45556,神奈川県,藤沢市
35.309908,136.790915,愛知県,一宮市
35.310195,137.759741,長野県,阿南町
35.310415,133.360165,鳥取県,南部町
35.312033,139.071171,神奈川県,南足柄市
35.313801,136.533926,岐阜県,大垣市
35.31517,135.121115,京都府,福知山市
35.316869,139.309012,神奈川県,平塚市
35.317437,139.540861,神奈川県,鎌倉市
35.31991,133.442781,鳥取県,伯耆町
35.327641,137.214133,岐阜県,土岐市
35.332284,137.632182,長野県,平谷村
35.333117,136.912124,愛知県,大口町
35.334477,139.218627,神奈川県,中井町
35.334938,139.124967,神奈川県,開成町
35.336174,134.434771,鳥取県,若桜町
35.33634,139.166207,神奈川県,大井町
35.336746,137.115848,岐阜県,多治見市
35.338583,136.865959,愛知県,江南市
35.340275,133.902318,鳥取県,三朝町
35.341372,136.455882,岐阜県,関ケ原町
35.345031,138.874609,静岡県,小山町
35.345125,136.663504,岐阜県,安八町
35.34518,133.19284,島根県,安来市
35.346754,134.682899,兵庫県,養父市
35.355029,139.651003,神奈川県,逗子市金沢区
35.359169,135.353791,京都府,綾部市
35.359842,139.55448,神奈川県,鎌倉市栄区
35.360103,136.915773,愛知県,扶桑町
35.360118,140.449437,千葉県,一宮町
35.360572,140.300944,千葉県,睦沢町
35.363808,136.775011,岐阜県,笠松町
35.366527,137.867641,長野県,泰阜村
35.369048,136.983362,愛知県,犬山市
35.372329,140.253647,千葉県,長南町
35.375843,139.38704,神奈川県,寒川町
35.376186,134.330824,鳥取県,八頭町
35.381197,137.271893,岐阜県,瑞浪市
35.384735,136.791291,岐阜県,岐南町
35.385292,136.513295,岐阜県,垂井町
35.385399,137.426961,岐阜県,恵那市
35.385928,135.95829,滋賀県,高島市
35.387029,137.771714,長野県,下條村
35.391341,139.622155,神奈川県,横浜市磯子区
35.391443,139.130813,神奈川県,松田町
35.392711,139.581231,神奈川県,横浜市港南区
35.394797,133.731694,鳥取県,倉吉市
35.397653,136.669537,岐阜県,瑞穂市
35.401327,136.877556,岐阜県,各務原市
35.402778,139.530321,神奈川県,鎌倉市戸塚区
35.403598,139.216569,神奈川県,秦野市
35.405694,140.105077,千葉県,市原市
35.407384,138.469025,山梨県,身延町
35.407683,140.441007,千葉県,長生村
35.408497,139.699255,神奈川県,横浜市中区
35.40868,139.293696,神奈川県,伊勢原市
35.414937,137.069287,岐阜県,可児市
35.416966,139.967815,千葉県,木更津市
35.417786,136.613322,岐阜県,神戸町
35.418276,139.501828,神奈川県,大和市泉区
35.418842,138.87016,山梨県,山中湖村
35.420214,139.041003,神奈川県,山北町
35.426229,139.604782,神奈川県,横浜市南区
35.426586,138.694542,山梨県,鳴沢村
35.430411,140.492398,千葉県,白子町
35.43044,136.687939,岐阜県,北方町
35.432746,137.137549,岐阜県,御嵩町
35.43349,136.977753,岐阜県,坂祝町
35.435752,132.649502,島根県,出雲市
35.437493,139.430121,神奈川県,綾瀬市
35.43871,139.40281,神奈川県,海老名市
35.438752,140.215699,千葉県,長柄町
35.438811,136.558451,岐阜県,池田町
35.441111,140.312902,千葉県,茂原市
35.446847,133.353701,鳥取県,米子市
35.447122,139.975172,千葉県,袖ケ浦市
35.447193,136.782475,岐阜県,岐阜市
35.447504,137.681781,長野県,阿智村
35.448622,138.796908,山梨県,富士吉田市
35.452674,139.620858,神奈川県,横浜市
35.454505,137.921178,長野県,飯田市
35.457017,139.624208,神奈川県,横浜市西区
35.457291,136.626067,岐阜県,大野町
35.46064,139.304009,神奈川県,厚木市
35.461529,138.85377,山梨県,忍野村
35.463054,133.38195,鳥取県,日吉津村
35.464708,139.576493,神奈川県,横浜市保土ヶ谷区
35.469387,139.488169,神奈川県,大和市瀬谷区
35.471689,139.454981,神奈川県,大和市
35.476062,139.528277,神奈川県,大和市旭区
35.477345,138.325276,山梨県,早川町
35.478271,139.772626,神奈川県,川崎市川崎区
35.479013,137.924917,長野県,喬木村
35.480022,139.697777,神奈川県,川崎市鶴見区
35.480819,140.457896,千葉県,大網白里市
35.482157,139.620183,神奈川県,横浜市神奈川区
35.482712,138.696155,山梨県,富士河口湖町
35.485439,140.534379,千葉県,九十九里町
35.489617,136.980191,岐阜県,富加町
35.491804,137.022908,岐阜県,美濃加茂市
35.492021,139.406278,神奈川県,座間市
35.495038,139.231113,神奈川県,清川村
35.4993,139.018925,山梨県,道志村
35.499845,137.181532,岐阜県,八百津町
35.507801,137.084748,岐阜県,川辺町
35.50887,134.17625,鳥取県,鳥取市
35.513756,135.639035,福井県,おおい町
35.515437,139.531996,神奈川県,大和市緑区
35.515631,133.253839,鳥取県,境港市
35.521195,136.227263,滋賀県,長浜市
35.525111,135.107169,京都府,与謝野町
35.525973,138.521042,山梨県,市川三郷町
35.52607,139.620407,神奈川県,川崎市港北区
35.526181,139.406873,神奈川県,座間市南区
35.526191,138.834757,山梨県,西桂町
35.527114,139.653318,神奈川県,川崎市
35.527473,138.913394,山梨県,都留市
35.527475,139.300152,神奈川県,愛川町
35.531195,135.530042,福井県,高浜町
35.53351,137.945744,長野県,豊丘村
35.533539,133.663376,鳥取県,琴浦町
35.536682,138.400014,山梨県,富士川町
35.538864,133.536314,鳥取県,大山町
35.540002,140.222749,千葉県,長柄町緑区
35.541277,139.577458,神奈川県,川崎市都筑区
35.544111,139.679189,神奈川県,川崎市幸区
35.54738,139.75532,東京都,大田区
35.548061,135.724583,福井県,小浜市
35.560209,139.517973,神奈川県,大和市青葉区
35.561345,133.764165,鳥取県,北栄町
35.562428,139.388107,東京都,町田市
35.563039,139.370548,神奈川県,愛川町中央区
35.565704,133.178516,島根県,松江市
35.565818,140.361426,千葉県,東金市
35.569442,140.506071,千葉県,山武市
35.571915,133.898696,鳥取県,湯梨浜町
35.573098,137.864198,長野県,高森町
35.573723,139.262282,神奈川県,相模原市
35.573723,139.213727,神奈川県,相模原市緑区
35.574866,137.114469,岐阜県,七宗町
35.575072,135.224654,京都府,宮津市
35.575322,139.656052,神奈川県,川崎市中原区
35.57844,138.07787,長野県,大鹿村
35.580371,137.479911,岐阜県,中津川市
35.58138,136.908715,岐阜県,美濃市
35.584392,138.540132,山梨県,中央市
35.585722,140.100047,千葉県,千葉市中央区
35.585985,139.573024,神奈川県,川崎市宮前区
35.588602,140.568856,千葉県,横芝光町
35.589423,139.614799,神奈川県,川崎市高津区
35.591951,136.465035,岐阜県,揖斐川町
35.596019,139.490414,神奈川県,大和市麻生区
35.597015,139.921727,千葉県,浦安市
35.599719,137.619525,長野県,南木曽町
35.600404,137.91305,長野県,松川町
35.601665,136.742056,岐阜県,山県市
35.604101,140.143493,千葉県,千葉市
35.607461,140.206187,千葉県,千葉市若葉区
35.612361,136.605443,岐阜県,本巣市
35.613042,139.737544,東京都,品川区
35.613872,138.689068,山梨県,笛吹市
35.618011,134.580639,兵庫県,香美町
35.618974,137.267257,岐阜県,白川町
35.618985,136.88373,岐阜県,関市
35.619298,139.557809,神奈川県,川崎市多摩区
35.619472,140.60953,千葉県,匝瑳市
35.62415,140.044584,千葉県,習志野市美浜区
35.628554,139.494649,東京都,稲城市
35.630021,138.530971,山梨県,昭和町
35.630073,134.834147,兵庫県,豊岡市
35.631584,139.433717,東京都,多摩市
35.631892,135.79315,福井県,若狭町
35.632355,139.689689,東京都,目黒区
35.63455,139.57795,東京都,狛江市
35.636491,139.6345,東京都,世田谷区
35.636942,134.288481,鳥取県,岩美町
35.639863,134.435317,兵庫県,新温泉町
35.640929,139.051121,山梨県,上野原市
35.641021,139.858161,東京都,江戸川区
35.641428,137.969136,長野県,中川村
35.644295,140.301496,千葉県,八街市
35.645775,140.684997,千葉県,旭市
35.646865,137.334869,岐阜県,東白川村
35.64837,139.807634,東京都,江東区
35.649683,140.115245,千葉県,千葉市稲毛区
35.652741,140.023763,千葉県,習志野市
35.652844,139.745837,東京都,港区
35.655943,138.917079,山梨県,大月市
35.658721,139.295949,東京都,八王子市
35.658748,138.345427,山梨県,南アルプス市
35.660411,139.555164,東京都,調布市
35.6617,139.964689,千葉県,所属未定地
35.665511,139.399465,東京都,日野市
35.666397,140.175711,千葉県,四街道市
35.666821,139.692652,東京都,渋谷区
35.667155,135.881639,福井県,美浜町
35.668407,139.775854,東京都,中央区
35.673041,139.478139,東京都,府中市
35.675928,137.889905,長野県,飯島町
35.676876,136.002892,福井県,敦賀市
35.677984,140.094671,千葉県,八千代市花見川区
35.683406,139.559213,東京都,三鷹市
35.686932,139.756492,東京都,千代田区
35.68723,139.438587,東京都,国立市
35.688876,138.592404,山梨県,甲府市
35.695314,140.213776,千葉県,佐倉市
35.696202,137.65154,長野県,大桑村
35.698655,139.626443,東京都,杉並区
35.701354,139.509242,東京都,小金井市
35.701484,140.907454,千葉県,銚子市
35.701562,139.709207,東京都,新宿区
35.705619,139.459973,東京都,国分寺市
35.706059,139.659279,東京都,中野区
35.708011,139.56006,東京都,武蔵野市
35.708819,139.365029,東京都,昭島市
35.713214,139.786034,東京都,台東区
35.714029,139.39922,東京都,立川市
35.714079,139.931184,千葉県,市川市
35.715103,139.815783,東京都,墨田区
35.717699,139.744861,東京都,文京区
35.718013,138.515451,山梨県,甲斐市
35.718251,138.408793,山梨県,韮崎市
35.722572,139.092451,東京都,檜原村
35.724427,137.933725,長野県,駒ヶ根市
35.724817,140.410448,千葉県,芝山町
35.726875,140.346698,千葉県,富里市
35.727233,139.473746,東京都,小平市
35.728704,140.2775,千葉県,酒々井町
35.729142,139.715058,東京都,豊島区
35.729612,140.014201,千葉県,船橋市
35.733266,139.232756,東京都,あきる野市
35.733383,139.336966,東京都,福生市
35.736203,138.785196,山梨県,甲州市
35.736221,139.543132,東京都,西東京市
35.73813,140.107398,千葉県,八千代市
35.739814,139.782094,東京都,荒川区
35.741613,135.419396,京都府,舞鶴市
35.745793,139.622021,東京都,練馬区
35.746274,138.931527,山梨県,小菅村
35.749094,140.476157,千葉県,多古町
35.749658,139.422264,東京都,東大和市
35.753228,139.516288,東京都,東久留米市
35.753461,139.384764,東京都,武蔵村山市
35.754151,139.853904,東京都,葛飾区
35.757915,139.472383,東京都,東村山市
35.760326,139.223863,東京都,日の出町
35.764104,139.317709,東京都,羽村市
35.764353,137.670302,長野県,上松町
35.765179,139.730065,東京都,北区
35.768354,139.67365,東京都,板橋区
35.768791,136.151503,福井県,南越前町
35.768876,139.349885,東京都,瑞穂町
35.771038,139.998673,千葉県,鎌ケ谷市
35.772907,138.030497,長野県,伊那市
35.776434,137.884295,長野県,宮田村
35.778076,139.797189,東京都,足立区
35.782818,135.308274,京都府,伊根町
35.784284,139.521985,東京都,清瀬市
35.785129,138.703339,山梨県,山梨市
35.789668,139.555271,埼玉県,新座市
35.789897,139.621561,埼玉県,和光市
35.795318,140.176335,千葉県,印西市
35.798245,139.940372,千葉県,松戸市
35.80004,138.901506,山梨県,丹波山村
35.800606,140.063141,千葉県,白井市
35.802706,139.233869,東京都,青梅市
35.8034,139.462321,埼玉県,所沢市
35.806758,139.598071,埼玉県,朝霞市
35.807099,137.474884,長野県,王滝村
35.810389,140.671745,千葉県,東庄町
35.81282,140.360816,千葉県,成田市
35.815319,139.659064,埼玉県,戸田市
35.817981,139.367219,埼玉県,入間市
35.8185,139.060646,東京都,奥多摩町
35.824459,139.840383,埼玉県,八潮市
35.824612,139.68641,埼玉県,蕨市
35.824856,139.869921,埼玉県,三郷市
35.828787,137.267174,岐阜県,下呂市
35.830853,135.173573,京都府,京丹後市
35.833026,136.947035,岐阜県,郡上市
35.833106,139.51667,埼玉県,三芳町
35.833621,139.731675,埼玉県,川口市
35.837232,140.228565,千葉県,栄町
35.838407,139.802238,埼玉県,草加市
35.839475,139.581153,埼玉県,志木市
35.840722,138.403382,山梨県,北杜市
35.847805,139.657266,埼玉県,戸田市南区
35.854062,140.797467,茨城県,神栖市
35.856102,140.538174,千葉県,香取市
35.857816,139.549123,埼玉県,富士見市
35.858531,140.012631,千葉県,柏市
35.859328,139.419595,埼玉県,狭山市
35.860362,139.60328,埼玉県,志木市桜区
35.865778,140.171557,茨城県,利根町
35.86627,136.358272,福井県,池田町
35.867312,139.509702,埼玉県,ふじみ野市
35.870683,140.067565,千葉県,我孫子市
35.873627,139.916146,千葉県,流山市
35.873684,138.264627,長野県,富士見町
35.874132,139.650765,埼玉県,さいたま市浦和区
35.878245,136.176397,福井県,越前市
35.878551,139.625052,埼玉県,さいたま市中央区
35.882272,140.407792,千葉県,神崎町
35.884992,140.288818,茨城県,河内町
35.88772,139.702604,埼玉県,さいたま市緑区
35.887746,137.920484,長野県,南箕輪村
35.894253,139.237458,埼玉県,飯能市
35.898214,139.338641,埼玉県,日高市
35.899812,139.863768,埼玉県,吉川市
35.899925,139.467916,埼玉県,川越市
35.906646,139.7927,埼玉県,越谷市
35.906743,139.622592,埼玉県,さいたま市大宮区
35.907917,137.652231,長野県,木曽町
35.908627,139.572386,埼玉県,富士見市西区
35.912532,140.074718,茨城県,取手市
35.915683,139.648963,埼玉県,さいたま市
35.918292,136.624164,福井県,大野市
35.920094,137.988796,長野県,箕輪町
35.920815,133.047253,島根県,知夫村
35.928835,139.663482,埼玉県,さいたま市見沼区
35.932434,138.611248,長野県,川上村
35.934709,139.311239,埼玉県,毛呂山町
35.936301,139.390653,埼玉県,鶴ヶ島市
35.937552,139.825857,埼玉県,松伏町
35.940305,139.61553,埼玉県,上尾市北区
35.940355,140.174266,茨城県,龍ケ崎市
35.941493,139.705435,埼玉県,さいたま市岩槻区
35.944153,139.977037,茨城県,守谷市
35.952416,140.379209,茨城県,稲敷市
35.957622,140.554583,茨城県,潮来市
35.957877,139.266938,埼玉県,越生町
35.958031,138.273857,長野県,原村
35.958779,139.395969,埼玉県,坂戸市
35.96378,136.230288,福井県,鯖江市
35.967701,139.591942,埼玉県,上尾市
35.968066,139.132701,埼玉県,横瀬町
35.97476,138.458915,長野県,南牧村
35.980032,140.193823,茨城県,牛久市
35.982914,138.943778,埼玉県,秩父市
35.983865,139.483497,埼玉県,川島町
35.985937,139.333397,埼玉県,鳩山町
35.986151,137.938844,長野県,辰野町
35.988456,140.042528,茨城県,つくばみらい市
35.989272,139.770589,埼玉県,春日部市
35.992457,137.919412,長野県,塩尻市
35.995061,137.755999,長野県,木祖村
35.997301,139.242952,埼玉県,ときがわ町
35.998477,139.618285,埼玉県,伊奈町
35.999488,139.641909,埼玉県,蓮田市
36.000624,139.551106,埼玉県,桶川市
36.008521,139.863922,千葉県,野田市
36.01189,140.22293,茨城県,阿見町
36.012317,140.338876,茨城県,美浦村
36.014525,138.243211,長野県,茅野市
36.015434,135.815693,福井県,越前町
36.022427,139.658881,埼玉県,白岡市
36.023567,138.589888,長野県,南相木村
36.026739,139.529671,埼玉県,北本市
36.027327,139.717826,埼玉県,宮代町
36.030169,138.940291,埼玉県,小鹿野町
36.030936,139.751471,埼玉県,杉戸町
36.035171,138.117355,長野県,諏訪市
36.04084,140.756193,茨城県,鹿嶋市
36.04335,139.393625,埼玉県,東松山市
36.045119,139.195246,埼玉県,東秩父村
36.047727,139.459403,埼玉県,吉見町
36.052008,139.247108,埼玉県,小川町
36.057934,139.961527,茨城県,常総市
36.058539,139.317278,埼玉県,嵐山町
36.058999,138.729722,群馬県,上野村
36.062637,133.207419,島根県,海士町
36.062666,139.889667,茨城県,坂東市
36.063338,138.574494,長野県,北相木村
36.068138,140.46471,茨城県,行方市
36.07031,139.354027,埼玉県,滑川町
36.072221,138.468491,長野県,小海町
36.07352,139.740342,埼玉県,幸手市
36.076544,139.081641,埼玉県,皆野町
36.077831,139.500412,埼玉県,鴻巣市
36.081786,136.354661,福井県,永平寺町
36.083059,136.523654,福井県,勝山市
36.086974,139.642276,埼玉県,久喜市
36.089039,138.046549,長野県,岡谷市
36.092075,140.084472,茨城県,つくば市
36.095073,140.204461,茨城県,土浦市
36.10086,138.863454,群馬県,神流町
36.101775,137.827318,長野県,朝日村
36.106504,139.806833,茨城県,境町
36.108182,139.748448,茨城県,五霞町
36.1083,138.121381,長野県,下諏訪町
36.110185,136.032841,福井県,福井市
36.113218,138.483552,長野県,佐久穂町
36.116063,139.121589,埼玉県,長瀞町
36.119637,132.903337,島根県,西ノ島町
36.122568,139.213119,埼玉県,寄居町
36.123575,140.290343,茨城県,かすみがうら市
36.142874,139.613403,埼玉県,加須市
36.144219,139.476131,埼玉県,行田市
36.145243,137.20351,岐阜県,高山市
36.161816,139.368111,埼玉県,熊谷市
36.162288,137.856353,長野県,山形村
36.166487,139.055974,埼玉県,神川町
36.16999,140.628996,茨城県,鉾田市
36.171618,139.172719,埼玉県,美里町
36.173563,139.550569,埼玉県,羽生市
36.177488,139.25856,埼玉県,深谷市
36.177842,139.897472,茨城県,八千代町
36.182904,139.776823,茨城県,古河市
36.188666,139.971859,茨城県,下妻市
36.194537,137.840707,長野県,松本市
36.196733,139.15222,埼玉県,本庄市
36.200991,138.209579,長野県,長和町
36.203343,138.960621,群馬県,藤岡市
36.205353,138.289065,長野県,立科町
36.205492,140.360876,茨城県,小美玉市
36.206407,139.535139,群馬県,明和町
36.212069,138.458604,長野県,佐久市
36.213136,138.894717,群馬県,甘楽町
36.217317,139.451686,群馬県,千代田町
36.219675,138.721115,群馬県,下仁田町
36.223632,140.228051,茨城県,石岡市
36.23028,136.87024,岐阜県,白川村
36.230483,139.622023,群馬県,板倉町
36.232334,139.736221,栃木県,野木町
36.243268,138.844897,群馬県,富岡市
36.247151,139.409706,群馬県,大泉町
36.247364,139.542373,群馬県,館林市
36.250811,139.133775,埼玉県,上里町
36.254224,139.465224,群馬県,邑楽町
36.262006,139.862043,茨城県,結城市
36.262722,133.287353,島根県,隠岐の島町
36.276857,136.101331,福井県,坂井市
36.278592,140.674676,茨城県,大洗町
36.279078,136.230548,福井県,あわら市
36.28266,140.437646,茨城県,茨城町
36.288463,139.978131,茨城県,筑西市
36.304033,139.129658,群馬県,玉村町
36.306036,139.801256,栃木県,小山市
36.307216,139.3497,群馬県,太田市
36.320157,140.112954,茨城県,桜川市
36.324061,137.245527,岐阜県,飛驒市
36.32548,139.209584,群馬県,伊勢崎市
36.331355,137.846254,長野県,安曇野市
36.338986,136.290186,石川県,加賀市
36.341033,138.886082,群馬県,高崎市
36.345456,138.435087,長野県,小諸市
36.346118,138.800805,群馬県,安中市
36.346781,138.518683,長野県,御代田町
36.348713,139.688142,栃木県,栃木市
36.351005,136.415002,石川県,小松市
36.351396,138.582326,長野県,軽井沢町
36.356645,140.677305,茨城県,ひたちなか市
36.357385,140.266194,茨城県,笠間市
36.358156,139.454818,栃木県,足利市
36.359761,138.108862,長野県,青木村
36.360319,138.376145,長野県,東御市
36.377548,136.55591,石川県,白山市
36.382582,140.454265,茨城県,水戸市
36.385933,138.241521,長野県,上田市
36.415793,137.814075,長野県,松川村
36.41893,139.861136,栃木県,下野市
36.419828,137.903188,長野県,池田町
36.421424,138.041188,長野県,筑北村
36.422452,139.526444,栃木県,佐野市
36.422484,139.989973,栃木県,真岡市
36.423523,140.712032,茨城県,東海村
36.43538,137.941221,長野県,生坂村
36.439293,139.115881,群馬県,前橋市
36.44306,139.910289,栃木県,上三川町
36.443773,138.9461,群馬県,榛東村
36.445732,138.985298,群馬県,吉岡町
36.451188,136.916326,富山県,南砺市
36.454308,139.802429,栃木県,壬生町
36.457412,138.032079,長野県,麻績村
36.457429,140.476543,茨城県,那珂市
36.458101,138.189557,長野県,坂城町
36.459961,140.111604,栃木県,益子町
36.470075,136.541777,石川県,川北町
36.477094,139.319886,群馬県,桐生市
36.486903,136.432412,石川県,能美市
36.488119,140.307843,茨城県,城里町
36.496969,138.64238,群馬県,長野原町
36.498309,138.115742,長野県,千曲市
36.500906,137.776677,長野県,大町市
36.501172,139.357659,群馬県,みどり市
36.511147,140.194275,栃木県,茂木町
36.52029,139.024992,群馬県,渋川市
36.524606,138.496793,群馬県,嬬恋村
36.525145,138.796098,群馬県,東吾妻町
36.52524,136.60561,石川県,野々市市
36.551871,140.041351,栃木県,芳賀町
36.557068,140.101356,栃木県,市貝町
36.559637,136.587422,石川県,金沢市
36.588108,139.648181,栃木県,鹿沼市
36.589107,140.736325,茨城県,日立市
36.597026,139.876815,栃木県,宇都宮市
36.607586,140.339916,茨城県,常陸大宮市
36.611898,138.571122,群馬県,草津町
36.612443,137.515308,富山県,立山町
36.612836,138.349419,長野県,須坂市
36.613465,136.985719,富山県,砺波市
36.61428,139.10271,群馬県,昭和村
36.621312,138.941619,群馬県,高山村
36.626753,140.020323,栃木県,高根沢町
36.633691,137.959164,長野県,小川村
36.641328,137.366819,富山県,富山市
36.648218,138.1145,長野県,長野市
36.657131,138.433049,長野県,高山村
36.661495,138.717359,群馬県,中之条町
36.664325,136.8604,富山県,小矢部市
36.665732,137.471413,富山県,上市町
36.666275,140.135998,栃木県,那須烏山市
36.67713,140.508049,茨城県,常陸太田市
36.677633,139.178877,群馬県,沼田市
36.690813,137.845777,長野県,白馬村
36.6993,137.30697,富山県,舟橋村
36.703469,138.31482,長野県,小布施町
36.706206,136.765551,石川県,津幡町
36.710587,136.56574,石川県,内灘町
36.721238,139.995699,栃木県,さくら市
36.733806,139.135175,群馬県,川場村
36.741053,140.764524,茨城県,高萩市
36.745181,138.512764,長野県,山ノ内町
36.757971,140.168736,栃木県,那珂川町
36.767457,138.34107,長野県,中野市
36.767542,136.99215,富山県,高岡市
36.771315,137.106184,富山県,射水市
36.772885,138.219049,長野県,飯綱町
36.777013,137.437856,富山県,魚津市
36.779285,136.633477,石川県,かほく市
36.783147,137.362207,富山県,滑川市
36.807117,140.359146,茨城県,大子町
36.808875,138.183961,長野県,信濃町
36.813302,139.83268,栃木県,塩谷町
36.817795,137.494694,富山県,黒部市
36.822043,140.797836,茨城県,北茨城市
36.82344,136.686255,石川県,宝達志水町
36.825313,137.898857,長野県,小谷村
36.827085,139.890341,栃木県,矢板市
36.837078,139.272897,群馬県,片品村
36.844156,138.470423,長野県,木島平村
36.846438,139.589667,栃木県,日光市
36.850392,138.800711,新潟県,湯沢町
36.851612,138.993779,群馬県,みなかみ町
36.858377,140.094531,栃木県,大田原市
36.865996,140.406257,福島県,矢祭町
36.868533,137.039329,富山県,氷見市
36.877103,138.588448,長野県,栄村
36.916615,138.397047,長野県,飯山市
36.921306,136.692316,石川県,羽咋市
36.92949,140.441369,福島県,塙町
36.933148,138.469738,長野県,野沢温泉村
36.935363,138.192862,新潟県,妙高市
36.955332,138.641211,新潟県,津南町
36.970864,136.904363,石川県,中能登町
36.995985,139.937105,栃木県,那須塩原市
37.003414,137.609346,富山県,朝日町
37.008599,140.35073,福島県,棚倉町
37.010448,137.433367,富山県,入善町
37.011446,140.510647,福島県,鮫川村
37.031881,140.092055,栃木県,那須町
37.03194,140.912773,福島県,いわき市
37.047975,138.931227,新潟県,南魚沼市
37.052749,138.698946,新潟県,十日町市
37.05692,139.344884,福島県,檜枝岐村
37.06301,137.043336,石川県,七尾市
37.071746,140.42017,福島県,浅川町
37.080436,140.579168,福島県,古殿町
37.086981,137.852857,新潟県,糸魚川市
37.118539,136.640168,石川県,志賀町
37.13087,140.256048,福島県,白河市
37.139964,139.620369,福島県,南会津町
37.140002,140.453501,福島県,石川町
37.148342,140.370396,福島県,中島村
37.156497,140.287486,福島県,泉崎村
37.169445,140.084823,福島県,西郷村
37.177065,139.047594,新潟県,魚沼市
37.191617,140.344471,福島県,矢吹町
37.214655,140.555061,福島県,平田村
37.215623,141.073281,福島県,広野町
37.218232,140.453945,福島県,玉川村
37.233461,138.176723,新潟県,上越市
37.23558,137.002317,石川県,穴水町
37.246874,140.353077,福島県,鏡石町
37.253878,139.858977,福島県,下郷町
37.254954,137.276019,石川県,能登町
37.269214,140.132587,福島県,天栄村
37.285317,140.615755,福島県,小野町
37.289324,141.078117,福島県,楢葉町
37.292312,139.370136,福島県,只見町
37.295258,138.817743,新潟県,小千谷市
37.298121,140.320424,福島県,須賀川市
37.300342,139.631318,福島県,昭和村
37.32806,140.807911,福島県,川内村
37.343815,141.095638,福島県,富岡町
37.406338,140.683053,福島県,田村市
37.406602,139.820065,福島県,会津美里町
37.410206,138.425327,新潟県,柏崎市
37.411141,141.074072,福島県,大熊町
37.425554,139.48996,福島県,金山町
37.428308,138.64964,新潟県,刈羽村
37.434582,139.650597,福島県,三島町
37.440725,140.494037,福島県,三春町
37.446002,140.300186,福島県,郡山市
37.446846,141.027708,福島県,双葉町
37.451787,138.826399,新潟県,長岡市
37.453066,139.976154,福島県,会津若松市
37.4617,139.682186,福島県,柳津町
37.502788,140.766937,福島県,葛尾村
37.510814,140.416356,福島県,本宮市
37.517161,140.989415,福島県,浪江町
37.52697,138.935974,新潟県,見附市
37.539846,139.085374,新潟県,三条市
37.563686,140.348011,福島県,大玉村
37.568126,139.88275,福島県,湯川村
37.574407,139.999953,福島県,磐梯町
37.574911,140.483356,福島県,二本松市
37.575785,139.795256,福島県,会津坂下町
37.590243,138.622472,新潟県,出雲崎町
37.602569,140.149797,福島県,猪苗代町
37.630874,140.632896,福島県,川俣町
37.631862,139.11178,新潟県,加茂市
37.63575,141.051742,福島県,南相馬市
37.637171,137.428532,石川県,珠洲市
37.643586,139.22091,新潟県,五泉市
37.650704,139.496365,新潟県,阿賀町
37.658864,139.645857,福島県,西会津町
37.662731,137.005826,石川県,輪島市
37.662908,138.880768,新潟県,燕市
37.677511,140.743969,福島県,飯舘村
37.687198,138.838397,新潟県,弥彦村
37.69092,140.041144,福島県,北塩原村
37.70261,139.06924,新潟県,田上町
37.717191,139.834573,福島県,喜多方市
37.766907,139.019195,新潟県,田上町南区
37.78125,139.123935,新潟県,田上町秋葉区
37.800427,140.399622,福島県,福島市
37.802262,140.609755,福島県,伊達市
37.806664,138.776421,新潟県,弥彦村西蒲区
37.81331,139.260695,新潟県,阿賀野市
37.853815,141.057604,福島県,相馬市
37.860751,140.116861,山形県,米沢市
37.864109,140.511867,福島県,桑折町
37.867419,139.09923,新潟県,田上町江南区
37.870275,140.740061,宮城県,丸森町
37.889526,140.542702,福島県,国見町
37.905487,141.035991,福島県,新地町
37.941932,138.869266,新潟県,新潟市西区
37.945965,141.024856,宮城県,山元町
37.955312,139.883949,山形県,飯豊町
37.957544,138.912504,新潟県,新潟市
37.962228,139.443605,新潟県,新発田市
37.970613,140.028856,山形県,川西町
37.989324,140.200079,山形県,高畠町
37.994697,140.771232,宮城県,角田市
37.99713,138.970764,新潟県,新潟市中央区
37.998276,140.586672,宮城県,白石市
38.012105,139.269206,新潟県,聖籠町
38.034709,141.061093,宮城県,亘理町
38.038343,140.40402,宮城県,七ヶ宿町
38.043083,139.133496,新潟県,聖籠町北区
38.044182,139.591894,新潟県,関川村
38.046267,139.38279,新潟県,胎内市
38.049572,140.715118,宮城県,大河原町
38.053317,139.773969,山形県,小国町
38.054433,138.223335,新潟県,佐渡市
38.063109,139.006338,新潟県,新潟市東区
38.088486,140.78898,宮城県,柴田町
38.092056,140.574342,宮城県,蔵王町
38.095254,140.989533,宮城県,岩沼市
38.119697,140.716556,宮城県,村田町
38.121566,140.153862,山形県,南陽市
38.132002,141.023338,宮城県,名取市
38.138873,140.314366,山形県,上山市
38.143977,139.993591,山形県,長井市
38.19583,141.07133,宮城県,名取市宮城野区
38.198744,140.075581,山形県,白鷹町
38.200632,140.597777,宮城県,川崎町
38.211251,140.987398,宮城県,多賀城市若林区
38.247745,140.354962,山形県,山形市
38.252774,140.864888,宮城県,仙台市
38.263824,141.567786,宮城県,石巻市
38.27128,140.057704,山形県,朝日町
38.275355,140.220737,山形県,山辺町
38.276068,140.702381,宮城県,川崎町太白区
38.28628,141.092291,宮城県,七ヶ浜町
38.290538,141.196579,宮城県,東松島市
38.295325,141.000542,宮城県,多賀城市
38.322299,139.528412,新潟県,村上市
38.328859,141.067617,宮城県,塩竈市
38.332893,140.259173,山形県,中山町
38.338233,140.107572,山形県,大江町
38.341458,141.002685,宮城県,利府町
38.345526,140.731425,宮城県,大和町青葉区
38.357706,140.409288,山形県,天童市
38.360673,140.809862,宮城県,大和町泉区
38.382303,140.89903,宮城県,富谷市
38.395969,141.072204,宮城県,松島町
38.404849,140.040144,山形県,西川町
38.418486,140.456727,山形県,東根市
38.421729,140.804608,宮城県,大和町
38.424384,140.300725,山形県,河北町
38.434337,141.005516,宮城県,大郷町
38.438886,140.236019,山形県,寒河江市
38.450137,141.689841,宮城県,女川町
38.47848,140.873726,宮城県,大衡村
38.510198,140.755114,宮城県,色麻町
38.515596,141.084922,宮城県,美里町
38.51722,140.335972,山形県,村山市
38.557105,141.148359,宮城県,涌谷町
38.559229,139.096629,新潟県,粟島浦村
38.57913,140.46636,山形県,尾花沢市
38.58166,140.722289,宮城県,加美町
38.596904,140.325138,山形県,大石田町
38.613512,140.150359,山形県,大蔵村
38.622303,139.605112,山形県,鶴岡市
38.660031,140.346511,山形県,舟形町
38.680246,141.68044,宮城県,南三陸町
38.682609,140.850219,宮城県,大崎市
38.685286,141.235478,宮城県,登米市
38.706033,139.982506,山形県,庄内町
38.717475,140.122211,山形県,戸沢村
38.767276,140.517913,山形県,最上町
38.79365,139.849468,山形県,三川町
38.795905,140.936794,宮城県,栗原市
38.800016,140.343577,山形県,新庄市
38.811522,141.725061,宮城県,気仙沼市
38.819904,140.200605,山形県,鮭川村
38.904049,140.386357,山形県,金山町
38.947142,140.281806,山形県,真室川町
38.954894,141.128861,岩手県,一関市
38.956413,141.735859,岩手県,陸前高田市
38.982577,141.906286,岩手県,大船渡市
38.989199,141.099254,岩手県,平泉町
39.045712,140.542336,秋田県,湯沢市
39.061485,139.867645,山形県,遊佐町
39.083174,140.714212,秋田県,東成瀬村
39.151997,141.077802,岩手県,奥州市
39.173051,140.340345,秋田県,羽後町
39.181145,141.55112,岩手県,住田町
39.183461,139.644503,山形県,酒田市
39.194505,141.016642,岩手県,金ケ崎町
39.25111,140.525286,秋田県,横手市
39.264486,141.960251,岩手県,釜石市
39.297436,139.864894,秋田県,にかほ市
39.317463,139.986924,秋田県,由利本荘市
39.327821,141.035986,岩手県,北上市
39.375282,141.523007,岩手県,遠野市
39.384565,140.775434,岩手県,西和賀町
39.418719,141.187225,岩手県,花巻市
39.424885,140.591279,秋田県,美郷町
39.431042,142.036104,岩手県,山田町
39.435782,141.851318,岩手県,大槌町
39.544658,140.484321,秋田県,大仙市
39.5454,141.135582,岩手県,紫波町
39.610534,141.120554,岩手県,矢巾町
39.656959,140.136322,秋田県,秋田市
39.667376,141.834206,岩手県,宮古市
39.701984,140.918585,岩手県,雫石町
39.746969,141.261357,岩手県,盛岡市
39.775402,140.671886,秋田県,仙北市
39.784592,141.084236,岩手県,滝沢市
39.862418,141.82096,岩手県,岩泉町
39.864016,140.060133,秋田県,潟上市
39.893751,140.116764,秋田県,井川町
39.90979,139.6598,秋田県,男鹿市
39.91999,140.161228,秋田県,五城目町
39.927086,142.0061,岩手県,田野畑村
39.943765,140.317719,秋田県,上小阿仁村
39.957397,141.278424,岩手県,岩手町
39.959829,140.08257,秋田県,八郎潟町
40.006997,139.996862,秋田県,大潟村
40.013939,141.438418,岩手県,葛巻町
40.043784,141.006719,岩手県,八幡平市
40.050443,142.023054,岩手県,普代村
40.066231,140.01032,秋田県,三種町
40.074519,141.809709,岩手県,野田村
40.075271,140.487724,秋田県,北秋田市
40.141342,141.279924,岩手県,一戸町
40.191843,141.440355,岩手県,九戸村
40.195103,140.846196,秋田県,鹿角市
40.19807,141.805319,岩手県,久慈市
40.211,139.975605,秋田県,能代市
40.230778,141.205673,岩手県,二戸市
40.267744,140.538432,秋田県,大館市
40.299014,141.481475,岩手県,軽米町
40.307052,141.063713,青森県,田子町
40.343449,140.228203,秋田県,藤里町
40.358047,139.976859,秋田県,八峰町
40.363315,141.149244,青森県,三戸町
40.387134,141.800862,岩手県,洋野町
40.396676,140.801068,秋田県,小坂町
40.417628,141.332254,青森県,南部町
40.449803,141.108565,青森県,新郷村
40.47353,140.556131,青森県,大鰐町
40.480131,141.711366,青森県,階上町
40.503053,141.301062,青森県,五戸町
40.516726,140.69447,青森県,平川市
40.525413,140.233896,青森県,西目屋村
40.534587,141.606221,青森県,八戸市
40.561363,141.077982,青森県,十和田市
40.613499,140.704952,青森県,黒石市
40.614489,140.376712,青森県,弘前市
40.631818,141.319458,青森県,六戸町
40.634246,139.700631,青森県,深浦町
40.634586,141.491479,青森県,おいらせ町
40.644839,140.539561,青森県,田舎館村
40.673529,140.202349,青森県,鰺ヶ沢町
40.681606,140.51979,青森県,藤崎町
40.713221,140.48152,青森県,板柳町
40.724869,141.086357,青森県,七戸町
40.755688,140.420523,青森県,鶴田町
40.776709,141.503092,青森県,三沢市
40.78808,140.750616,青森県,青森市
40.798113,141.187332,青森県,東北町
40.88562,140.232298,青森県,つがる市
40.914894,141.148593,青森県,野辺地町
40.928607,140.364579,青森県,五所川原市
40.947326,140.936713,青森県,平内町
40.992378,140.638218,青森県,蓬田村
40.997772,141.452472,青森県,六ヶ所村
41.066432,141.217174,青森県,横浜町
41.092948,140.174049,青森県,中泊町
41.212341,140.497705,青森県,外ヶ浜町
41.266525,140.529431,青森県,今別町
41.301242,141.01726,青森県,むつ市
41.354438,141.481234,青森県,東通村
41.365758,140.744611,青森県,佐井村
41.478051,139.661525,北海道,松前町
41.496164,140.301157,北海道,福島町
41.511826,141.121389,青森県,風間浦村
41.513388,140.875767,青森県,大間町
41.565759,140.428506,北海道,知内町
41.693378,140.475048,北海道,木古内町
41.751565,139.990461,北海道,上ノ国町
41.811211,140.57351,北海道,北斗市
41.861289,141.052766,北海道,函館市
41.893586,140.048481,北海道,江差町
41.920453,140.312409,北海道,厚沢部町
41.953322,143.259154,北海道,えりも町
41.954572,140.681342,北海道,七飯町
42.00895,140.058053,北海道,乙部町
42.051982,140.840955,北海道,鹿部町
42.075477,142.997752,北海道,様似町
42.145166,139.431803,北海道,奥尻町
42.145604,140.656833,北海道,森町
42.153152,140.1813,北海道,八雲町
42.204423,142.792233,北海道,浦河町
42.271791,141.002366,北海道,室蘭市
42.282948,143.312475,北海道,広尾町
42.344706,139.725975,北海道,せたな町
42.362601,142.526463,北海道,新ひだか町
42.40925,141.134301,北海道,登別市
42.445037,140.094231,北海道,今金町
42.464866,142.397793,北海道,新冠町
42.488968,140.383915,北海道,長万部町
42.489999,141.319743,北海道,白老町
42.497693,143.282896,北海道,大樹町
42.543982,140.635157,北海道,豊浦町
42.574565,140.956827,北海道,壮瞥町
42.577649,140.888742,北海道,伊達市
42.594781,141.58451,北海道,苫小牧市
42.604987,140.824637,北海道,洞爺湖町
42.62736,141.867766,北海道,厚真町
42.641489,142.285797,北海道,日高町
42.646398,142.974191,北海道,中札内村
42.648126,143.172366,北海道,更別村
42.673626,143.608011,北海道,豊頃町
42.679218,140.375953,北海道,黒松内町
42.694946,142.064896,北海道,むかわ町
42.706446,142.371071,北海道,平取町
42.720486,140.894101,北海道,留寿都村
42.726058,143.32796,北海道,幕別町
42.742311,140.81509,北海道,真狩村
42.77977,139.895824,北海道,島牧村
42.78384,142.977572,北海道,帯広市
42.792598,140.684579,北海道,ニセコ町
42.800306,140.956976,北海道,喜茂別町
42.808603,140.419369,北海道,蘭越町
42.80943,141.845491,北海道,安平町
42.817181,141.521142,北海道,千歳市
42.87003,143.801736,北海道,浦幌町
42.878411,142.931958,北海道,芽室町
42.891784,141.44398,北海道,恵庭市
42.89539,140.929803,北海道,京極町
42.909028,140.090089,北海道,寿都町
42.917736,140.770851,北海道,倶知安町
42.925839,144.636445,北海道,釧路町
42.945124,141.894832,北海道,由仁町
42.950593,141.193959,北海道,札幌市南区
42.957078,141.434474,北海道,恵庭市清田区
42.958175,141.505585,北海道,北広島市
42.970988,140.341363,北海道,岩内町
42.979665,142.882556,北海道,清水町
42.984466,141.674604,北海道,長沼町
42.98535,141.247962,北海道,札幌市
42.991967,140.640324,北海道,共和町
42.991997,141.393279,北海道,恵庭市豊平区
42.994645,143.455558,北海道,池田町
43.008496,142.500199,北海道,占冠村
43.016319,141.864188,北海道,栗山町
43.03285,145.176483,北海道,浜中町
43.042026,141.295902,北海道,札幌市中央区
43.042529,142.116381,北海道,夕張市
43.043498,140.902989,北海道,赤井川村
43.045717,143.207881,北海道,音更町
43.047895,144.837115,北海道,厚岸町
43.051589,141.474638,北海道,江別市厚別区
43.058342,141.637052,北海道,南幌町
43.061144,141.420025,北海道,北広島市白石区
43.065886,144.006722,北海道,白糠町
43.065967,141.240348,北海道,札幌市西区
43.086126,140.428517,北海道,泊村
43.088296,140.732592,北海道,仁木町
43.094392,141.556598,北海道,江別市
43.11361,144.127959,北海道,釧路市
43.117756,141.400203,北海道,江別市東区
43.118367,141.219122,北海道,札幌市手稲区
43.12849,141.35403,北海道,札幌市北区
43.150635,143.591034,北海道,本別町
43.163665,143.257658,北海道,士幌町
43.178966,140.199551,北海道,神恵内村
43.203679,143.036512,北海道,鹿追町
43.204932,142.511182,北海道,南富良野町
43.206539,141.827058,北海道,岩見沢市
43.218274,140.641258,北海道,古平町
43.221882,141.619772,北海道,新篠津村
43.231385,145.555817,北海道,根室市
43.250875,141.979753,北海道,三笠市
43.263188,144.289622,北海道,鶴居村
43.279027,142.474677,北海道,富良野市
43.291358,142.858616,北海道,新得町
43.294179,140.78513,北海道,余市町
43.299693,144.527258,北海道,標茶町
43.314099,141.054397,北海道,小樽市
43.33397,141.878302,北海道,美唄市
43.371597,141.677196,北海道,月形町
43.373149,141.562931,北海道,当別町
43.373998,143.620522,北海道,足寄町
43.391486,143.210311,北海道,上士幌町
43.411426,142.453562,北海道,中富良野町
43.416317,141.938391,北海道,奈井江町
43.42895,141.794259,北海道,浦臼町
43.433729,142.207103,北海道,芦別市
43.446972,142.008879,北海道,上砂川町
43.461575,145.084792,北海道,別海町
43.466318,142.534172,北海道,上富良野町
43.472104,140.461175,北海道,積丹町
43.485692,142.031229,北海道,歌志内市
43.493155,143.702959,北海道,陸別町
43.506453,141.933867,北海道,砂川市
43.518903,141.18099,北海道,石狩市
43.543284,142.616198,北海道,美瑛町
43.546523,144.405852,北海道,弟子屈町
43.564901,142.061411,北海道,赤平市
43.575682,141.697555,北海道,新十津川町
43.581717,144.842207,北海道,中標津町
43.602541,141.98202,北海道,滝川市
43.614387,144.004942,北海道,津別町
43.642012,143.424896,北海道,置戸町
43.676676,141.723198,北海道,雨竜町
43.678148,142.510558,北海道,東神楽町
43.683146,142.69027,北海道,東川町
43.700083,143.725568,北海道,訓子府町
43.705289,141.946951,北海道,妹背牛町
43.732934,145.005888,北海道,標津町
43.739677,142.930572,北海道,上川町
43.742041,144.607581,北海道,清里町
43.745699,144.121598,北海道,美幌町
43.750263,142.444897,北海道,旭川市
43.778322,141.717489,北海道,北竜町
43.779497,141.952844,北海道,秩父別町
43.818238,142.585161,北海道,当麻町
43.836638,144.217245,北海道,大空町
43.840161,142.100983,北海道,深川市
43.874853,142.346319,北海道,鷹栖町
43.886873,141.972011,北海道,沼田町
43.892865,141.367731,北海道,増毛町
43.90249,144.460689,北海道,小清水町
43.904483,143.298856,北海道,遠軽町
43.9163,142.488026,北海道,比布町
43.922473,141.575504,北海道,留萌市
43.92906,142.642384,北海道,愛別町
43.987853,143.674034,北海道,北見市
44.009501,143.768837,北海道,佐呂間町
44.026284,142.36366,北海道,和寒町
44.044811,144.275366,北海道,網走市
44.070135,141.646977,北海道,小平町
44.102783,143.017936,北海道,滝上町
44.10611,142.537346,北海道,士別市
44.111822,142.357779,北海道,剣淵町
44.151115,145.000928,北海道,斜里町
44.19008,145.255216,北海道,羅臼町
44.192053,142.172564,北海道,幌加内町
44.209161,143.619375,北海道,湧別町
44.239569,141.716562,北海道,苫前町
44.274407,143.389415,北海道,紋別市
44.313876,142.706593,北海道,下川町
44.32718,142.932981,北海道,西興部村
44.327836,142.459206,北海道,名寄市
44.427683,141.482687,北海道,羽幌町
44.46532,143.155113,北海道,興部町
44.51538,141.722433,北海道,初山別村
44.532065,142.418297,北海道,美深町
44.600175,141.7314,北海道,遠別町
44.623727,142.939511,北海道,雄武町
44.682609,142.099414,北海道,中川町
44.715021,142.279237,北海道,音威子府村
44.868886,141.662047,北海道,天塩町
44.901411,142.278617,北海道,中頓別町
44.905102,142.682466,北海道,枝幸町
44.971694,141.766147,北海道,幌延町
45.000193,141.082614,北海道,利尻町
45.117605,141.724605,北海道,豊富町
45.13318,142.400374,北海道,浜頓別町
45.144153,141.280919,北海道,利尻富士町
45.263901,142.263563,北海道,猿払村
45.389456,141.013697,北海道,礼文町
45.41334,141.76827,北海道,稚内市
